Segmento,Título,Desafio Inicial,Solução usada,Produto usado,Link do Post,Quantidade de produtos citados
E-commerce,Taxa alta de abandono de carrinho,Um dos e-commerces participantes da RD Conecta enfrentava dificuldades em converter visitantes em compradores. A taxa de abandono do carrinho era muito alta e havia dificuldades em segmentar a base de leads para campanhas de marketing. O fluxo de comunicação com os clientes não era eficiente e as vendas estavam aquém das expectativas.,"A empresa implementou o RD Station Marketing para otimizar suas campanhas de e-mail marketing e configurou automações para lembrar os clientes sobre os produtos que deixaram no carrinho. Com isso, foram criadas segmentações específicas com base no comportamento dos usuários, permitindo a personalização das mensagens e aumentando o engajamento. Além disso, a análise de métricas e relatórios proporcionou insights sobre o que funcionava e o que precisava ser ajustado.",RD Station Marketing,,1
E-commerce,Baixa taxa de conversão em e-commerce,"Uma loja de e-commerce enfrentava dificuldades em aumentar suas taxas de conversão e na segmentação de seu público-alvo. Com um grande volume de visitantes em seu site, a empresa notou que muitos abandonavam o carrinho, e os leads gerados não eram adequadamente nutridos ao longo do funil de vendas. Isso resultava em uma baixa taxa de retorno sobre investimento em campanhas de marketing digital.","A solução implementada envolveu a utilização do RD Station Marketing para criar landing pages otimizadas e automações de e-mail marketing. Foram realizados testes A/B para identificar quais mensagens ressoavam melhor com o público. A equipe também investiu na segmentação dos leads, criando listas específicas para campanhas de remarketing, além de utilizar o lead scoring para priorizar contatos mais quentes. Isso trouxe um aumento significativo nas conversões e na recuperação de carrinhos abandonados.",RD Station Marketing,,1
E-commerce,Conversão de visitantes em compradores,Um dos e-commerces participantes da RD Conecta enfrentava dificuldades em converter visitantes em compradores. A taxa de abandono do carrinho era muito alta e havia dificuldades em segmentar a base de leads para campanhas de marketing. O fluxo de comunicação com os clientes não era eficiente e as vendas estavam aquém das expectativas.,"A empresa implementou o RD Station Marketing para otimizar suas campanhas de e-mail marketing e configurou automações para lembrar os clientes sobre os produtos que deixaram no carrinho. Com isso, foram criadas segmentações específicas com base no comportamento dos usuários, permitindo a personalização das mensagens e aumentando o engajamento. Além disso, a análise de métricas e relatórios proporcionou insights sobre o que funcionava e o que precisava ser ajustado.",RD Station Marketing,,1
Educação,Captação de novos alunos,"A escola enfrentava dificuldades na captação de novos alunos devido à falta de uma estratégia de marketing digital clara. As ações de divulgação estavam sendo feitas de forma desorganizada, o que resultava em oportunidades perdidas e baixa conversão de interessados em matrículas. Além disso, a comunicação com os pais e alunos em potencial era ineficiente, dificultando o relacionamento e o engajamento.","Com a implementação do RD Station Marketing, a escola criou campanhas segmentadas para atrair potenciais alunos. Utilizando automações de e-mail, a escola conseguiu nutrir leads com conteúdos relevantes, aumentando o interesse e a participação em eventos de matrícula. A medição de resultados permitiu ajustes rápidos nas estratégias, resultando em um aumento significativo nas matrículas em comparação ao ano anterior.",RD Station Marketing,,1
Informação não encontrada nos comentários,Leads perdidos na etapa de pré-vendas,"Antes da iniciativa, muitos leads qualificados estavam se perdendo nas etapas de pré-venda e vendas — ou seja, oportunidades que avançaram parcialmente no funil não recebiam um fluxo consistente de reengajamento. Havia falta de um processo automatizado para recuperar esses contatos marcados como “perdidos”, o que gerava perda de receita potencial e desperdício de esforços comerciais. Além disso, a comunicação entre o time comercial (CRM) e o time de marketing era fragmentada, dificultando identificar rapidamente quais leads deveriam voltar para nutrição e mensurar o impacto dessas ações.","Implementaram a integração entre o CRM e o RD Station Marketing para que os leads perdidos nas etapas de pré-venda e vendas fossem automaticamente retornados aos fluxos de automação de marketing com a tag/razão de perda apropriada. Criaram automações específicas (fluxos de nutrição) acionadas pelo motivo de perda, aplicando sequências de e-mails e regras de segmentação para reengajar e qualificar novamente esses contatos. Com isso, foi possível padronizar o tratamento desses leads, acompanhar métricas de engajamento (por exemplo, taxa de abertura) e medir resultados comerciais. Em poucas semanas houve impacto mensurável: em três semanas, de 13 oportunidades reativadas, 5 se converteram em vendas, com taxa de abertura de e-mails em torno de 31%, mostrando que o processo de recuperação via automação trouxe ganhos reais de conversão.","RD Station Marketing,RD Station CRM",,2
Informação não encontrada nos comentários,Automatizar recuperação de leads,"Havia leads que eram perdidos nas etapas de pré-vendas e vendas — oportunidades que saíam do funil e não eram recuperadas. A empresa enfrentava dificuldade para reengajar e nutrir esses contatos perdidos, o que gerava perda de oportunidades comerciais e subaproveitamento da base. Não existia um processo automatizado e padronizado para retornar esses leads ao fluxo de nutrição nem para qualificá-los novamente. Como consequência, o time precisava recuperar manualmente oportunidades ou havia abandonos sem tentativa estruturada de ressuscitar o contato.","Foi feita a integração entre o RD Station CRM e o RD Station Marketing para automatizar o retorno de leads perdidos. Ao registrar o motivo de perda no CRM, esses leads eram reenviados automaticamente para fluxos de automação no RD Station Marketing (segmentações/tags e sequência de e-mails) com objetivo de aquecê-los e requalificá-los. Implementaram-se automações que reaproveitavam esses contatos — nutrição por e-mail e regras de entrada em fluxos — para que pudessem ser reapresentados ao time comercial quando prontos. Em poucos dias de operação (3 semanas) houve resultado prático: de 13 oportunidades trabalhadas nesse fluxo, 5 se converteram em vendas e os e-mails usados registraram taxa de abertura de 31%.","RD Station Marketing,RD Station CRM",,2
E-commerce,E-commerce otimiza campanhas com RD,"A empresa enfrentava dificuldades em otimizar suas campanhas de marketing digital, o que resultava em pouco engajamento e baixa conversão. A falta de integração entre as ferramentas de marketing dificultava o acompanhamento dos resultados e a segmentação adequada dos leads. Além disso, o time tinha dificuldades em nutrir os leads de forma contínua, impactando diretamente nas vendas. Eram necessárias estratégias mais eficientes para maximizar o retorno sobre o investimento em marketing."," Com a implementação do RD Station Marketing, a empresa conseguiu integrar suas campanhas em uma única plataforma, permitindo um melhor controle e acompanhamento dos resultados. A segmentação de leads foi aprimorada, possibilitando o envio de campanhas mais personalizadas. A automação de marketing contribuiu para nutrir os leads de forma contínua e eficiente. Como resultado, a empresa observou um aumento significativo na taxa de conversão e no engajamento das suas campanhas de marketing.",RD Station Marketing,,1
Agência de Marketing Digital,Geração de Leads Qualificados,"A agência enfrentava dificuldade em gerar leads qualificados para seus clientes. O processo de nutrição de leads não estava sendo eficiente, resultando em baixa taxa de conversão. A equipe também encontrava dificuldades em rastrear o desempenho das campanhas de marketing digital, tornando difícil otimizar as iniciativas em tempo real. Com a falta de dados precisos, as decisões de marketing estavam sendo tomadas com base em suposições e não em informações concretas."," A implementação do RD Station Marketing permitiu à agência automatizar o fluxo de nutrição de leads, resultando em uma comunicação mais eficaz e personalizada com os potenciais clientes. Utilizando as funcionalidades de automação de marketing, a agência conseguiu segmentar melhor seu público e enviar conteúdos relevantes. Além disso, a análise de relatórios dentro da plataforma possibilitou ajustes rápidos nas campanhas, permitindo que a equipe identificasse quais estratégias estavam gerando os melhores resultados e otimizasse suas ações em tempo real.",RD Station Marketing,,1
Informação não encontrada nos comentários,Automação de leads e vendas,"A empresa enfrentava dificuldades em gerenciar leads e acompanhar seu ciclo de vendas, o que resultava em perda de oportunidades. O fluxo manual de comunicação com os clientes tornava o processo ineficiente, causando atrasos na resposta e na conversão de leads. Havia também uma falta de integridade nas informações, dificultando a tomada de decisões estratégicas. O time de vendas passava muito tempo em tarefas administrativas, em vez de se concentrar em fechar negócios."," A RD Station foi implementada para automatizar o processo de nutrição de leads, permitindo uma comunicação mais eficiente e personalizada. O uso de funis de vendas possibilitou acompanhar cada etapa do processo e converter leads de maneira mais eficaz. Com a integração das informações em uma única plataforma, foi possível manter a base de dados consistente e atualizada. O time de vendas agora pode focar em interações mais estratégicas com os clientes, melhorando a taxa de conversão.",RD Station Marketing,,1
Agências e empresas médias/grandes,"Otimização de Entregabilidade e Performance de Email
","Empresas com bases grandes enfrentando problemas de spam e baixas taxas de abertura. Campanhas com abertura entre 10-20%, bounces altos, risco de blacklist","Usei o RD Marketing para fazer uma higiene profunda da base de contatos, removendo leads inativos e melhorando a entregabilidade. Apliquei segmentação por comportamento, considerando interações como aberturas, cliques e visitas, o que deixou as comunicações mais relevantes. Ajustei a frequência de envio para evitar excessos e reduzir descadastros, além de realizar o aquecimento de domínio de forma gradual. Também implementei gatilhos de recência para impactar leads mais engajados e revisei o copywriting das campanhas para aumentar a taxa de abertura e conversão.",RD Station Marketing,,1
Informação não encontrada nos comentários,Reaquecimento de Oportunidades Perdidas,Leads que esfriaram ou foram marcados como perdidos,"Usei o RD Marketing para criar automações específicas por motivo de perda, segmentando leads perdidos por inatividade comercial. Ativei campanhas multicanais, integrando e-mail, WhatsApp e SMS, com ofertas direcionadas e personalizadas. Para aumentar a conversão, trabalhei com conteúdo exclusivo, gatilhos de urgência e incluí prova social e depoimentos nas comunicações.","RD Station Marketing,RD Station CRM",,2
Informação não encontrada nos comentários,Automação de leads e vendas,"A empresa enfrentava dificuldades em gerenciar leads e acompanhar seu ciclo de vendas, o que resultava em perda de oportunidades. O fluxo manual de comunicação com os clientes tornava o processo ineficiente, causando atrasos na resposta e na conversão de leads. Havia também uma falta de integridade nas informações, dificultando a tomada de decisões estratégicas. O time de vendas passava muito tempo em tarefas administrativas, em vez de se concentrar em fechar negócios."," A RD Station foi implementada para automatizar o processo de nutrição de leads, permitindo uma comunicação mais eficiente e personalizada. O uso de funis de vendas possibilitou acompanhar cada etapa do processo e converter leads de maneira mais eficaz. Com a integração das informações em uma única plataforma, foi possível manter a base de dados consistente e atualizada. O time de vendas agora pode focar em interações mais estratégicas com os clientes, melhorando a taxa de conversão.",Informação não encontrada,,1
Educação,Otimização de campanhas ,"A empresa tinha dificuldades em segmentar sua base de clientes e personalizar as campanhas de e-mail marketing, resultando em baixa taxa de conversão."," Após implementar o RD Station Marketing, a equipe conseguiu segmentar sua base de forma mais eficiente e utilizar a automação para enviar campanhas personalizadas, o que aumentou as taxas de abertura e conversão significativamente.",RD Station Marketing,,1
E-commerce,E-commerce otimiza captação de leads,A equipe enfrentava dificuldades para gerenciar campanhas de marketing e ampliar a base de leads de forma eficiente.," Implementaram o RD Station Marketing para automatizar e otimizar campanhas, resultando em um aumento significativo no número de leads qualificados e conversões.",RD Station Marketing,,1
Saúde,Aumentando o engajamento dos pacientes,"A clínica enfrentava dificuldades em engajar e reter pacientes, resultando em um fluxo de trabalho ineficiente e baixa taxa de retorno dos pacientes."," Implemetaram o RD Station para automatizar o marketing e criar campanhas direcionadas, o que faciltiou o engajamento e melhorou a comunicação com os pacientes, além de permitir um acompanhamento mais eficaz.",RD Station Marketing,,1
Informação não encontrada nos comentários,Melhoria de Operações de Marketing com RD,"O usuário desejava melhorar a estrutura de suas operações de marketing, aprimorar a lógica de envios, iniciar fluxos de automação e entender o impacto real de suas ações, além de querer interagir mais com a equipe e a comunidade, e aplicar IA de forma mais estratégica.","O usuário aprendeu sobre RD Station, segmentações, fluxos, LPs, pop-ups, organização e comportamento da base. Ele organizou segmentações, melhorou a lógica de envios e iniciou fluxos, com o objetivo de aplicar IA de forma mais estratégica em 2026, aprimorando análises, criação de modelos, LPs e copys.",RD Station Marketing,https://rdconectacomunidade.rdstation.com/s/question/0D5V200002FKtaC,1
Serviços (Consultoria de Marketing),Integração de Marketing e Vendas com RD,Integrar o time comercial nas ações de marketing para manter consistência nos resultados e melhorar a qualificação de leads.,"Implementou seus três primeiros produtos usando RD Station e planeja capacitar times de vendas, criar novas automações integradas ao WhatsApp e usar inteligência artificial para qualificar leads.",RD Station Marketing,https://rdconectacomunidade.rdstation.com/s/question/0D5V200002F443U,1
Informação não encontrada nos comentários,CRM para prever e evitar churn,"A empresa só reage ao churn quando o cliente já decidiu sair, perdendo a oportunidade de reverter a situação. Faltava organização e um método para identificar sinais de risco antes do cancelamento.","Utilizar o RD Station CRM para criar campos personalizados (risco de churn, engajamento, situação financeira, sentimento do cliente) e configurar automações para gerar tarefas e alertas para as equipes de CS e financeiro, permitindo uma abordagem proativa e humana para reter clientes.",RD Station CRM,https://rdconectacomunidade.rdstation.com/s/question/0D5V200002GDyTn,1
Informação não encontrada nos comentários,Otimização de Vendas e Marketing com RD,Aumentar a taxa de conversão e otimizar o processo de vendas e marketing.,"Implementação de hacks de marketing e vendas, como emails mais humanizados, fluxos de reativação de leads, uso de WhatsApp com campos personalizados e gatilhos mentais, segmentação de base de clientes e disparo de emails com IA.",RD Station Marketing e RD Station CRM,https://rdconectacomunidade.rdstation.com/s/question/0D5V200002NR0MK,1
Informação não encontrada nos comentários,Otimizando Marketing e Vendas com RD,Melhorar a eficiência e produtividade em marketing e vendas,"Adotar uma abordagem de 'crescimento como sistema' com foco em multicanalidade, segmentação precisa e monitoramento de dados operacionais (KPIs como CPL, CAC, conversão).",RD Station Marketing e RD Station CRM,https://rdconectacomunidade.rdstation.com/s/question/0D5V200002NR0MK,1
Informação não encontrada nos comentários,Métricas B2B: Canal vs. Relacionamento,"O usuário parte da premissa de que a ausência de abertura de e-mail significa perda de valor da conta, o que ele considera incorreto em B2B, pois isso pode distorcer métricas como lead scoring e priorização comercial.","O usuário sugere inverter a hierarquia dos sinais, validando primeiramente dados objetivos do CRM (última compra, último contato comercial, estágio da conta) antes de ajustar a comunicação, focando em preservar contexto, timing e valor percebido ao longo do relacionamento, em vez de gerar abertura de e-mail.",RD Station CRM,https://rdconectacomunidade.rdstation.com/s/question/0D5V200002PKOe5,1
Informação não encontrada nos comentários,Análise de desempenho de e-mail,"O usuário deseja avaliar retroativamente as informações de desempenho de um e-mail enviado, como taxa de abertura e cliques em diferentes períodos após o envio (24h, 48h), de forma separada e não consolidada.",O usuário busca uma funcionalidade ou método dentro da RD Station para obter essa análise detalhada do desempenho de e-mails.,RD Station Marketing,https://rdconectacomunidade.rdstation.com/s/question/,1
Turismo,Redução ciclo de vendas com RD Station,"Time comercial sobrecarregado por leads frios, o que tornava o ciclo de vendas excessivamente longo.","Integração das soluções de Marketing, CRM e Conversas da RD Station, criando um fluxo onde a qualificação acontece de forma automatizada através de lead scoring e automações de WhatsApp, permitindo que o time de vendas focasse em oportunidades reais.","RD Station Marketing, RD Station CRM e RD Station Conversas",https://rdstation.com/cases-de-sucesso/vivala-turismo/,2
Clínica de estética,Automação para Captação de Leads no Google,"A conversão de leads do Google Ads se perdia no meio do caminho devido à demora na chegada do contato ao CRM, impactando a velocidade de vendas e a taxa de conversão.","Utilização da integração Google Lead Ads com o RD Station Marketing para que os leads capturados diretamente no formulário do Google Ads caíssem automaticamente no RD Station Marketing, acionando um fluxo de automação para envio de e-mail e SMS de confirmação.","RD Station Marketing, RD Station CRM",https://rdconectacomunidade.rdstation.com/s/question/0D52000008H5vTzCAI,2
Informação não encontrada nos comentários,Integração Avançada Hotmart com RD,"O usuário precisava integrar leads da Hotmart ao RD Station, mas queria ir além da integração nativa, buscando também dados de pagamento e abandono de carrinho.","O usuário utilizou a ferramenta Make.com para criar uma integração avançada entre Hotmart e RD Station. Ele configurou webhooks na Hotmart, criou tags específicas no RD Station e mapeou os eventos da Hotmart para acionar a criação ou atualização de contatos no RD Station com as tags correspondentes.",RD Station Marketing,https://rdconectacomunidade.rdstation.com/s/question/0D5V200002RsQxt,1
Informação não encontrada nos comentários,Web Push: Engajamento Rápido e Direto,"O usuário buscava um canal direto e rápido para engajar visitantes e leads, além de impulsionar o retorno, a urgência e a conversão sem depender exclusivamente de e-mail ou mídia paga.","A solução foi a liberação do Web Push em todos os planos do RD Station Marketing, permitindo o envio de notificações curtas com título, texto e link clicável para visitantes que aceitaram recebê-las, mesmo após saírem do site.",RD Station Marketing,https://rdconectacomunidade.rdstation.com.br/web-push,1
Informação não encontrada nos comentários,Jornadas Personalizadas e Atendimento Eficiente,"O usuário buscava otimizar a personalização de jornadas, segmentação de contatos, agilizar o atendimento e aumentar a taxa de conversão através de um direcionamento mais eficiente para as equipes de vendas, financeiro e suporte.","O usuário implementou jornadas personalizadas utilizando tags para segmentação comportamental e de ticket médio, desenvolveu templates com três botões de ação direcionando para filas específicas (vendas, financeiro, suporte) e definiu SLAs claros para cada fila.",RD Station Marketing,https://rdconectacomunidade.rdstation.com/s/question/0D52V00007iT03fSAC,1
Saúde,Reaquecer base com estratégia e automação,"Reaquecer uma base de leads com baixo engajamento e vendas estagnadas, identificando leads com real intenção de compra em um mercado de ciclo longo.","Implementar uma estratégia de higienização e reclassificação da base, seguida por reaquecimento com conteúdo educativo e aplicável, utilizando gatilhos de intenção para identificar potenciais compradores e abordagens consultivas no fundo de funil, com integração entre Marketing e Comercial.",RD Station Marketing e RD Station CRM,https://rdconectacomunidade.rdstation.com/s/question/0D5V200002TwU4v,1
Informação não encontrada nos comentários,Personalizar Dashboard para nichos de produtos,O usuário deseja personalizar o Dashboard para diferentes nichos de produtos e ter um acompanhamento visual.,Utilizar a personalização do Dashboard (se o plano for Advanced) ou integrar os dados do RD com o Looker via API para montar o dashboard customizado.,RD Station Marketing,https://rdconectacomunidade.rdstation.com/s/question/0D5V200002UvzX3,1
Informação não encontrada nos comentários,Dashboard personalizado para nichos de produtos,Personalizar o Dashboard para diferentes nichos de produtos e ter um acompanhamento visual.,"Criar dashboards personalizados no plano Advanced, utilizando a funcionalidade 'Analisar > Análise Avançada: Dashboards Personalizados'.",RD Station Marketing,https://rdconectacomunidade.rdstation.com/s/question/0D5V200002UvzX3,1
Informação não encontrada nos comentários,Organizar leads com etiquetas e segmentação,O usuário precisa organizar e direcionar leads de forma eficiente para diferentes áreas ou fluxos de trabalho com base em seus interesses ou ações.,Utilizar etiquetas (tags) no RD Station Conversas e vincular cada etiqueta a uma segmentação específica para que os leads sejam automaticamente direcionados para a categoria correta.,RD Station Conversas,https://rdconectacomunidade.rdstation.com/s/question/0D5V200002Uw2KV,1
Informação não encontrada nos comentários,Otimizar público de anúncios com API da Meta,"Melhorar o público nos anúncios, utilizando um evento de conversão para metrificar com qualidade.","Utilizar a API da Meta (CAPI) em conjunto com o Tag Manager para configurar eventos e parâmetros, permitindo que as conversões sejam sinalizadas e mapeadas para a criação de públicos segmentados na Meta e no RD Station.",RD Station Marketing,https://rdconectacomunidade.rdstation.com/s/question/0D5V200000J3PF3IAN,1
Informação não encontrada nos comentários,Organizar leads com etiquetas,"O usuário precisava organizar e direcionar leads para fluxos de nutrição ou times de vendas específicos com base em seus interesses, representados por etiquetas.",Utilizar etiquetas no RD Station Conversas e vinculá-las a diferentes segmentações para que os leads sejam automaticamente direcionados para categorias específicas com base nas etiquetas que recebem.,RD Station Conversas,https://rdconectacomunidade.rdstation.com/s/question/0D5V200002Uw2KV,1
Informação não encontrada nos comentários,Facilitar filtro de clientes no RD Station CRM,"Dificuldade em filtrar e localizar clientes na tela do RD Station CRM de forma ágil, levando a esquecimento de alguns contatos e baixa usabilidade da ferramenta no dia a dia.","Utilizar a funcionalidade de segmentação (através de etiquetas) no RD Station CRM para facilitar a filtragem de clientes pelos consultores, agilizando o atendimento e garantindo que nenhum cliente seja esquecido.",RD Station CRM,https://rdconectacomunidade.rdstation.com/s/question/0D5V200002Uw2KV,1
Saúde,Reaquecer Leads: Estratégia e Recuperação,"Reaquecer base de leads com baixo engajamento e vendas estagnadas, identificando intenção de compra em um mercado de ciclo longo.","Utilizar gatilhos de oportunidade e escassez com promoções/cupons, criar uma landing page para recuperar a lista quente e, posteriormente, trabalhar com a base inteira através de copy persuasiva para quebrar a rotina de mensagens.",RD Station Marketing,https://rdconectacomunidade.rdstation.com/s/question/0D5V200002TwU4v,1
Saúde,Reaquecer Base com Baixo Engajamento,"Reaquecer uma base de leads com baixo engajamento e vendas estagnadas, proveniente de eventos e mídia paga, em um mercado de ciclo longo como o de saúde.","Implementação de uma estratégia em fases: 1. Limpeza e segmentação da base por score, origem e dores; 2. Sequência de reengajamento com 4/5 emails consultivos e segmentados; 3. Fluxo quente automático e qualificação por SDR para leads interagentes; 4. Campanha de ""tchau"" para leads inativos. Utilização de gatilhos como vagas limitadas e condições especiais para win-back.",RD Station Marketing,https://rdconectacomunidade.rdstation.com/s/question/0D5V200002TwU4v,1
Informação não encontrada nos comentários,Reativar Leads Frios com Machine Learning,"Reativar leads frios de forma eficiente e com maior taxa de conversão, otimizando custos em relação à aquisição de novos leads.","Utilizar machine learning para identificar padrões de comportamento dos leads frios, segmentá-los e personalizar a comunicação para reativação, custando até 60% menos e com conversões 3 a 5 vezes maiores do que campanhas tradicionais.",RD Station CRM,https://rdconectacomunidade.rdstation.com/s/question/0D5V200002b1dzq,1
Imobiliário,Otimização de Pipeline e Performance em Imobiliária,"Um coordenador comercial recém-contratado em uma imobiliária precisa identificar quais vendedores têm melhor desempenho e avaliar a saúde do pipeline de vendas para atingir as metas mensais. Ele também busca otimizar o funil de vendas e gerar mais negócios, mas os dados do RD CRM parecem ""mudos"", dificultando a identificação de gargalos (tempo em cada etapa, tempo de abordagem, motivos de perda, preenchimento do CRM pelos vendedores) e a análise de performance.","Realizar uma auditoria rápida dos dados do CRM com os vendedores para verificar o preenchimento e identificar gargalos. Analisar dados exportados para encontrar correlações em planilhas. Apresentar relatórios focados em funil com taxa de conversão por etapa e vendedor, tempo médio por etapa cruzado com atividades, e razões de lost filtradas por vendedor e perfil de cliente. Complementar com mineração de comentários de lost usando ChatGPT, criação de desafios para os vendedores melhorarem o preenchimento do CRM e implementação de um dashboard em Data Studio com alertas automáticos. O objetivo é obter ações concretas e visibilidade total para a gerência.",RD Station CRM,https://rdconectacomunidade.rdstation.com/s/question/0D5V200002b2EmZ,1
Imobiliário,Aquecimento de leads antes de enviar para vendas,"O modelo linear de aquecimento de leads imobiliários com 3 e-mails semanais e envio automático para o CRM resultava em leads 'frios' ou descontextualizados para o time de vendas, prejudicando a conversão de alto ticket.","Implementar lead scoring comportamental no RD Station para pontuar engajamento do lead (aberturas, cliques, downloads, visitas a páginas específicas, interações com WhatsApp). Definir um threshold de pontos ou interação quente para o envio ao CRM. Criar fluxos de comunicação dinâmicos e não lineares, ramificando o conteúdo com base no comportamento do lead. Utilizar canais adicionais como WhatsApp Business API e remarketing em Meta/Google. Estabelecer MQL e SQL claros e um feedback loop com a equipe de vendas para ajuste contínuo do scoring.","RD Station Marketing, RD Station CRM",https://rdconectacomunidade.rdstation.com/s/question/0D5V200002bFQoS,2
Imobiliário,Aquecimento de leads imobiliários com micro-segmentação,"O desafio é que, mesmo com fluxos de automação rodando, os leads chegavam 'frios' ou sem entender o motivo do contato do corretor, indicando que a estratégia linear de e-mail marketing não preparava adequadamente leads para a compra de alto ticket, como imóveis.","A solução proposta envolve a micro-segmentação de ICPs (Ideal Customer Profile) com base em diferentes perfis de clientes e tipos de imóveis, a criação de fluxos de nutrição e remarketing segmentados por persona e objeções, o uso de venda consultiva, o treinamento do time comercial para fluxos diferenciados, e a implementação de um roteamento automatizado de leads para garantir o follow-up em até 24 horas.","RD Station Marketing, RD Station CRM",https://rdconectacomunidade.rdstation.com/s/question/0D5V200002bFQoS,2
Informação não encontrada nos comentários,Otimize o rastreamento de campanhas com UTMs,Configurar corretamente as UTMs para acompanhar os resultados das campanhas em diferentes canais.,"Utilizar a funcionalidade de Análise de Canais no RD Station Marketing para visualizar a categorização dos canais e criar agrupamentos de canais personalizados no Google Analytics 4 para especificar campanhas como origem. Adicionalmente, utilizar a segmentação de leads no RD Station Marketing com base em dados de conversão (source ou campaign) e, no RD Station CRM, atribuir campos personalizados de Fonte de Oportunidade e Campanhas.","RD Station Marketing, RD Station CRM",https://rdconectacomunidade.rdstation.com/s/question/0D5V200002dVQdr,2
Imobiliário,Aquecimento de Leads Imobiliários,"O analista de marketing do segmento imobiliário enfrentava o problema de leads chegando 'frios' ou sem entender o contato comercial, mesmo com fluxos de automação de e-mail rodando. O dilema era se um modelo linear de envio de e-mails preparava adequadamente leads para compras de alto valor ou se era necessário considerar o comportamento do lead (cliques, aberturas) antes de enviá-lo ao CRM.","A solução proposta é que a automação que envia leads para abordagem comercial no CRM só faz sentido se houver uma 'levantada de mão' por parte do lead, especialmente para produtos de alto valor como imóveis. É crucial condicionar o envio à interação do lead (principalmente cliques) e não apenas ao recebimento dos e-mails, facilitando assim o trabalho da equipe de vendas.","RD Station Marketing, RD Station CRM",https://rdconectacomunidade.rdstation.com/s/question/0D5V200002bFQoS,2
Informação não encontrada nos comentários,Landing Pages multilíngues,"Negócios que precisam criar Landing Pages em diferentes idiomas e garantir que os campos de preenchimento — como “Nome” — apareçam no idioma correto, sem a necessidade de alterar o idioma da conta no RD Station. Além disso, que também precisam utilizar variáveis em e-mails e fluxos de automação.","Criar campos personalizados no RD Station Marketing com um termo traduzido (ex: 'NOME TRADUZIDO EN') e o nome do campo em inglês ('Name'), e então utilizar esses campos nas LPs e formulários em diferentes idiomas. Posterior utilização das variáveis em emails, fluxos e RD CRM.",RD Station Marketing,https://rdconectacomunidade.rdstation.com/s/question/0D5V200002baddR,1
Saúde,Reaquecer leads com segmentação e emails,"Reaquecer base de leads com baixo engajamento e vendas estagnadas, além de identificar intenção de compra em mercado de ciclo longo (saúde).","Implementar e-mails de qualificação e segmentação por origem, produto e estágio na jornada de compra para personalizar comunicações.",RD Station Marketing,https://rdconectacomunidade.rdstation.com/s/question/0D5V200002TwU4v,1
Informação não encontrada nos comentários,Integrar Quiz Interativo com RD MKT,"Integrar respostas de um quiz interativo com o RD Station Marketing de forma segura, sem expor o token da API no front-end.","Utilizar uma solução que valide as informações no backend, evitando a exposição do token no front-end.",RD Station Marketing,https://rdconectacomunidade.rdstation.com/s/question/0D5V200002i0DsT,1
Informação não encontrada nos comentários,Enviar respostas de quiz para RD Marketing,"Preciso enviar as respostas de um quiz interativo para o RD Station Marketing, além do nome e e-mail do lead.","Foi desenvolvida uma API utilizando Node.js e Express.js que recebe os dados do quiz (nome, e-mail e respostas) e os envia para a API de eventos do RD Station Marketing através de uma requisição POST, utilizando o token de acesso.",RD Station Marketing,https://rdconectacomunidade.rdstation.com/s/question/0D5V200002i0DsT,1
Agro,Uso do WhatsApp integrado a operação de vendas para agilizar o processo de atendimento e qualificação,"Escalar o atendimento e a qualificação de leads no agronegócio, reduzindo o Tempo Médio de Espera (TME). O setor sofria com processos manuais de prospecção, perda de oportunidades no CRM e dificuldade em prestar suporte técnico rápido ao produtor rural após a compra.","Implementação de Agentes de IA e Bots integrados ao RD Station Marketing e CRM para automatizar a qualificação, distribuição por DDD e cadência comercial. A estratégia incluiu ativações ativas via WhatsApp para lançamentos, recuperação de vendas perdidas e uso de QR Codes em produtos para suporte técnico imediato.",RD Station CRM + RD Station Conversas + RD Mentor IA,https://rdconectacomunidade.rdstation.com/s/question/0D5V200000x1qw8KAA/como-uso-estrat%C3%A9gias-de-whatsapp-nas-empresas-do-agro,1
Informação não encontrada nos comentários,Usar RDSCRM para monitorar recorrência de visitas à clientes/leads,Organizar a recorrência de visitas presenciais para diferentes perfis de clientes ao longo do ano. O usuário precisava garantir que a quantidade mínima de visitas fosse cumprida sem falhas manuais e buscava uma forma de automatizar o agendamento e a comunicação prévia.,Criação de automações de marketing para disparar e-mails de aviso aos clientes e agendamento automático de tarefas no RD Station CRM. A estratégia permite padronizar o ciclo de visitas por perfil e sincronizar as ações de relacionamento com o histórico de cada conta.,RD Station CRM,https://rdconectacomunidade.rdstation.com/s/question/0D5V2000012QBq0KAG/%C3%A9-poss%C3%ADvel-criar-uma-recorr%C3%AAncia-de-visitas-cada-perfil-de-cliente-tem-uma-quantidade-m%C3%ADnima-de-visitas-e-gostaria-de-ja-deixar-isso-agendado-para-todos-os-meses-do-ano-%C3%A9-poss%C3%ADvel-,1
Informação não encontrada nos comentários,Estratégias de Black Friday para segmentos B2B,Aproveitar a sazonalidade da Black Friday em mercados de B2B onde o ciclo de venda é mais complexo. O objetivo era converter leads através de ofertas agressivas sem perder o relacionamento com aqueles que ainda não estavam no momento ideal de compra.,"Implementação de campanhas de desconto em mensalidades iniciais integradas ao RD Station Marketing. Para leads não convertidos, foi criada uma régua de nutrição automatizada focada em construção de valor, garantindo a maturação do lead e o aproveitamento da base para vendas futuras.",RD Station Marketing,https://rdconectacomunidade.rdstation.com/s/question/0D5V200000eo9uEKAQ/benchmark-de-campanha-quais-estrat%C3%A9gias-de-black-friday-deram-certo-para-segmentos-b2b,1
Informação não encontrada nos comentários,Automações entre funis com diferentes gatilhos,"Realizar a ""passagem de bastão"" automática entre diferentes equipes (funis sequenciais) sem depender exclusivamente do gatilho de ""Vendido"". O modelo de negócio exigia que a transição ocorresse com base em outros critérios de qualificação antes do fechamento final.","Identificação da limitação nativa do RD Station CRM, que restringe a automação entre funis ao ganho (venda). Como alternativa, foi realizado o registro de sugestão de melhoria junto ao suporte técnico para futuras atualizações de produto e priorização do time de engenharia.",RD Station CRM,https://rdconectacomunidade.rdstation.com/s/question/0D5V200000j8AuJKAU/boa-tarde-pessoal%C3%A9-poss%C3%ADvel-realizar-automa%C3%A7%C3%A3o-entre-funis-usando-um-gatilho-diferente-de-vendido-ou-isso-s%C3%B3-funciona-se-eu-marcar-como-vendido,1
Manufatura,Como usar o RDSM para trabalhar oportunidades perdidas no RDSCRM,"O desperdício de leads que não possuíam perfil para associação imediata, resultando em perda de receita e baixo alcance de mercado. A entidade precisava de um processo para converter essas ""oportunidades perdidas"" em clientes de outros serviços, como cursos e eventos.","Integração entre RD Station Marketing e CRM para segmentar perdas por motivos específicos. Foram criados fluxos de automação personalizados que nutrem leads ""sem perfil"" com ofertas de workshops e publicações, transformando descartes em novas fontes de receita e fortalecendo a autoridade da marca.",RD Station Marketing e RD Station CRM,https://rdconectacomunidade.rdstation.com/s/question/0D5V2000014GmQrKAK/recuperando-o-ouro-perdido-como-a-abimaq-transformou-oportunidades-perdidas-em-neg%C3%B3cios-concretizados,1
Informação não encontrada nos comentários,Lazzy Loading nas LPS do RDSM,"Otimizar a performance e o tempo de carregamento de Landing Pages com muitos elementos visuais. O excesso de conteúdo carregado simultaneamente prejudicava a experiência do usuário, consumia largura de banda desnecessária e poderia afetar as taxas de conversão por lentidão na página.","Implementação de um sistema de Lazy Loading via edição avançada (CSS e JavaScript) nas páginas do RD Station Marketing. A solução utiliza a API Intersection Observer para carregar colunas ou seções apenas quando entram no campo de visão do usuário, garantindo uma navegação mais fluida e econômica.",RD Station Marketing,https://rdconectacomunidade.rdstation.com/s/question/0D5V20000155JLVKA2/dica-lazzy-loading-dentro-da-sua-lp,1
Informação não encontrada nos comentários,Acompanhando a evolução dos leads no RDSM,"Estabelecer um modelo de acompanhamento semanal da evolução de leads e reporte de resultados. O usuário buscava métodos para visualizar o engajamento e a progressão no funil, superando a falta de relatórios visuais nativos e a integração com CRMs externos.",Utilização de Lead Scoring para identificar maturidade e Lead Tracking para monitorar o comportamento de navegação no RD Station Marketing. A estratégia combina segmentação por tags de interesse e automações de nutrição para validar o engajamento através de taxas de abertura e clique.,RD Station Marketing,https://rdconectacomunidade.rdstation.com/s/question/0D5V2000017O4enKAC/como-voc%C3%AAs-fazem-o-acompanhamento-de-evolu%C3%A7%C3%A3o-de-um-lead-dentro-do-rd-station-marketing,1
Informação não encontrada nos comentários,Automação de e-mail para cada lead e para cada responsável de venda,"Personalizar o envio de e-mails automáticos para que o remetente e os links de contato (WhatsApp) fossem os do vendedor responsável, e não um endereço genérico. O usuário estava duplicando fluxos manualmente, gerando retrabalho e dificuldade de manutenção.",Utilização de variáveis de personalização e configurações de Responsável pelo Lead nas automações do RD Station Marketing. Essa estratégia permite que um único fluxo dinâmico dispare e-mails em nome de diferentes vendedores e direcione botões para seus respectivos contatos de forma automática.,RD Station Marketing e RD Station CRM,https://rdconectacomunidade.rdstation.com/s/question/0D5V2000013pcK9KAI/automa%C3%A7%C3%A3o-de-email-para-cada-lead-e-para-cada-respons%C3%A1vel-de-venda,1
Informação não encontrada nos comentários,"Como fazer uma FAQ nas Landing Pages do RDSM, otimizadas pra SEO","Incluir seções de FAQ em Landing Pages para qualificar o público sem comprometer a experiência do usuário com páginas excessivamente longas. O desafio era conciliar a entrega de conteúdo educativo com um layout compacto, funcional e otimizado para SEO.","Implementação de um FAQ dinâmico (estilo acordeão) via elemento HTML e Edição Avançada no RD Station Marketing. A solução utiliza scripts personalizados e marcações de dados estruturados (Schema.org), garantindo que as respostas apareçam apenas sob demanda e sejam indexáveis pelos motores de busca.",RD Station Marketing,https://rdconectacomunidade.rdstation.com/s/question/0D5V2000019nCWzKAM/como-criar-uma-se%C3%A7%C3%A3o-de-faq-din%C3%A2mica-na-sua-landing-page-otimizada-para-seo,1
Informação não encontrada nos comentários,Gatilhos mais eficientes em automações,"Identificar o momento ideal e o interesse específico de leads que já estão navegando no site, mas que ainda não converteram em materiais ricos. O objetivo era aumentar a taxa de conversão e coletar mais informações de leads que possuíam apenas dados básicos, como e-mail.","Implementação de automações baseadas em Lead Tracking e segmentação por páginas visitadas no RD Station Marketing. A estratégia utiliza o comportamento de navegação como gatilho para oferecer materiais relacionados ao tema de interesse, além de priorizar o envio imediato para o time de pré-vendas quando o acesso ocorre em páginas de fundo de funil.",RD Station Marketing,https://rdconectacomunidade.rdstation.com/s/question/0D5V2000019lgwrKAA/quais-s%C3%A3o-os-gatilhos-de-automa%C3%A7%C3%A3o-mais-eficientes-que-voc%C3%AAs-j%C3%A1-usaram-no-rd-station,1
Informação não encontrada nos comentários,Usando RDSM para Branding,"Manter a marca presente na mente do consumidor final (Recall) em modelos de negócio onde não há venda direta (B2B2C), como indústrias. O objetivo era utilizar uma ferramenta de conversão para gerar relacionamento contínuo e demanda na ponta, sem focar necessariamente em vendas imediatas.","Uso do RD Station Marketing para orquestrar jornadas de relacionamento contínuo via fluxos de automação de valor e conteúdos premium. A estratégia utiliza segmentações da base para alimentar públicos personalizados em mídias pagas e canais como e-mail e SMS, garantindo que a marca seja lembrada e solicitada no PDV.",RD Station Marketing,https://rdconectacomunidade.rdstation.com/s/question/0D5V200001DD1zJKAT/performance-vs-branding-como-voc%C3%AAs-utilizam-a-rd-station-que-%C3%A9-bastante-focada-pra-convers%C3%A3ovendas-e-outras-ferramentas-digitais-aplicadas-a-branding-relacionamento-e-recall-de-marca-com-foco-no-consumidor-final,1
Informação não encontrada nos comentários,Uso do WhatsApp para negócios consultivos,"Acelerar o ciclo de vendas consultivas e manter o engajamento de leads em jornadas longas. O obstáculo era evitar o esfriamento das negociações, garantir o registro de interações feitas por canais informais e realizar follow-ups consistentes sem sobrecarregar a equipe comercial.","Integração do WhatsApp ao RD CRM e RD Marketing para automatizar mensagens baseadas na movimentação do funil e no comportamento do lead (ex: proposta não aberta). A estratégia utiliza templates padronizados para cada etapa, além da extensão de CRM para centralizar o histórico de conversas e garantir um atendimento contextualizado.",RD Station Conversas,https://rdconectacomunidade.rdstation.com/s/question/0D5V200001J2OMZKA3/no-nosso-neg%C3%B3cio-temos-um-ciclo-de-venda-consultivo-como-posso-usar-o-whatsapp-de-forma-integrada-ao-funil-do-rd-crm-para-acelerar-negocia%C3%A7%C3%B5es-e-manter-leads-engajados,1
Informação não encontrada nos comentários,Usar SMS pra lembrar do aniversário de colaborador,"Automatizar lembretes de aniversários de colaboradores para toda a equipe via SMS. A usuária buscava uma forma de notificar o time sobre o aniversariante do dia para incentivar a cultura de parabenização, enfrentando a limitação de disparar notificações para terceiros em vez do próprio lead.","Implementação de segmentação dinâmica por ""Data de aniversário atual"" no RD Station Marketing. A estratégia utiliza fluxos de automação para disparar mensagens personalizadas ao aniversariante e sugere o agendamento prévio de comunicações internas para garantir que a data seja celebrada por todo o time.",RD Station Marketing,https://rdconectacomunidade.rdstation.com/s/question/0D5V200001S5fSjKAJ/fluxo-de-automa%C3%A7%C3%A3olembrete-de-anivers%C3%A1rio-por-sms,1
Informação não encontrada nos comentários,Campos monetários no RDSCRM,"Monitorar margens de lucro e custos por produto diretamente no CRM, funcionalidade não nativa da plataforma. O usuário precisava automatizar cálculos financeiros complexos (custo vs. venda) para evitar o preenchimento manual e garantir a visibilidade da rentabilidade de cada negócio.","Criação de campos personalizados no RD Station CRM integrados a planilhas externas via ferramentas como Pluga ou Zapier. A estratégia utiliza o Excel/Google Sheets para realizar os cálculos de margem e porcentagem, enviando os resultados automaticamente para o CRM e o Marketing, centralizando a inteligência financeira da operação.",RD Station CRM,https://rdconectacomunidade.rdstation.com/s/question/0D5V200001e8rYFKAY/campos-de-pre%C3%A7o-de-custo-margem-de-lucro-porcentagem-de-lucro-etc,1
E-commerce,Fluxos de automação segmentados trazem mais resultado?,"Aumentar o faturamento e a recorrência de vendas em um e-commerce esotérico que utilizava comunicações genéricas. O objetivo era sair de uma receita estagnada, elevar a frequência de compra dos clientes e realizar vendas cruzadas (cross-sell) de forma automatizada e relevante.","Implementação de fluxos de nutrição microsegmentados no RD Station Marketing baseados no interesse específico e histórico de compra (ex: búzios, tarô, mapas). A estratégia aumentou a frequência de uso dos serviços de 3 para 6 vezes ao mês e quadriplicou o faturamento do canal de e-mail através de ofertas personalizadas por persona.",RD Station CRM,https://rdconectacomunidade.rdstation.com/s/question/0D5V200001dwWTjKAM/quem-aqui-j%C3%A1-implementou-fluxos-de-nutri%C3%A7%C3%A3o-mais-segmentados-no-rd-station-e-percebeu-aumento-significativo-na-taxa-de-convers%C3%A3o,1
Informação não encontrada nos comentários,Como criam os emails no RDSM,Superar baixas taxas de cliques (abaixo de 1%) e a falta de engajamento causada por envios genéricos para toda a base. O usuário buscava métodos de design mais eficientes e boas práticas de layout para melhorar a experiência do lead e aumentar a conversão,"Implementação de microsegmentação no RD Station Marketing para enviar conteúdos alinhados ao interesse específico de cada grupo. A estratégia incluiu a otimização de CTAs (botões) posicionados na primeira dobra, uso de cores contrastantes, chamadas diretas e testes de visualização em modo noturno e dispositivos móveis.",RD Station Marketing,https://rdconectacomunidade.rdstation.com/s/question/0D5V200001cd913KAA/como-voc%C3%AAs-estruturam-os-emails-no-rd-criam-direto-na-ferramenta-ou-em-um-editor-externo-e-quais-estrat%C3%A9gias-usam-para-aumentar-a-taxa-de-cliques-para-1-ou-mais,1
Informação não encontrada nos comentários,Marcar uma negociação como qualificada com 5 ou 4 estrelas para enviar mensagem direta do RD Conversas para a negociação,Acionar automaticamente o time de atendimento via WhatsApp sempre que um lead fosse qualificado com alta pontuação (4 ou 5 estrelas) no CRM. O usuário buscava eliminar o intervalo manual entre a qualificação comercial e o primeiro contato no RD Conversas.,"Utilização do RD Station Marketing como ponte de integração. Através de uma segmentação por critérios de estrelas e um fluxo de automação, os leads qualificados são enviados automaticamente ao RD Conversas via URL de integração, garantindo que leads quentes recebam abordagem imediata.",RD Station Marketing e RD Station CRM,https://rdconectacomunidade.rdstation.com/s/question/0D5V200001gMTubKAG/quero-saber-se-quando-eu-marcar-uma-negocia%C3%A7%C3%A3o-como-qualificada-com-5-ou-4-estrelas-da-pra-enviar-mensagem-direta-do-rd-conversas-paraanegocia%C3%A7%C3%A3o ,1
Informação não encontrada nos comentários,Otimização de Base de Email e CRM,"A maioria das pessoas trata a limpeza da base de emails como uma tarefa simples de fim de trimestre, o que prejudica a reputação do domínio e a entregabilidade dos emails. Além disso, a falta de reindexação e segmentação após a limpeza leva à ineficiência e perda de receita.","A RD Station oferece uma solução disciplinada com campos bem preenchidos, tags com significado real, segmentos por comportamento e rotinas de quarentena e corte para otimizar a base de leads e melhorar a performance de envios.","RD Station Marketing, RD Station CRM",https://rdconectacomunidade.rdstation.com/s/question/0D5V200002ly4ga,2
Imobiliário,Otimização de Vendas e Pipeline Imobiliário com IA,"Um coordenador comercial de imobiliária precisa identificar quais vendedores performam melhor, se o pipeline é saudável, quais oportunidades existem para otimizar o funil e gerar mais vendas, além de entender onde estão os gargalos no processo de vendas e se os vendedores estão utilizando o RD CRM corretamente.","Utilizar a  RÊ da RD para insights de performance, analisar o relatório de 'Negociações criadas, vendidas e perdidas' para identificar sazonalidade e manter uma tela com o CRM Live para acompanhamento em tempo real.",RD Station CRM,https://rdconectacomunidade.rdstation.com/s/question/0D5V200002b2EmZ,1
Informação não encontrada nos comentários,Higienização e Reindexação de Base,"Deterioração da reputação de domínio e entregabilidade de e-mails devido à falta de higienização e reindexação da base de leads, resultando em baixa taxa de abertura e diluição do sinal bom dos leads ativos.",Implementar disciplina na limpeza de base pelo menos duas vezes ao ano,RD Station Marketing,https://rdconectacomunidade.rdstation.com/s/question/0D5V200002ly4ga,1
Educação,WhatsApp: Otimizar uso e reduzir custos,"Otimizar o uso do WhatsApp na jornada do aluno, identificando em qual etapa ele é mais eficaz e evitando gastos desnecessários com mensagens.","Utilizar o WhatsApp apenas em etapas mais avançadas do funil de vendas, quando o lead demonstra intenção clara de compra (ex: score alto, visita à página de matrícula). Para isso, configurar um bot no RD Station Conversas para qualificar o lead e, se tiver intenção, direcionar para um consultor. Leads menos engajados continuam sendo nutridos por e-mail e remarketing.","RD Station Marketing, RD Station Conversas",https://rdconectacomunidade.rdstation.com/s/question/0D5V200002ndNhv,2
Informação não encontrada nos comentários,Gerenciamento de Negócios e Ciclos Mensais no CRM,"Renata precisa de mais informações sobre como gerenciar negócios no RD Station CRM, especificamente sobre a movimentação de negócios após serem marcados como ganhos ou perdidos e sobre a criação de novos negócios para ciclos mensais.","A solução proposta é criar um novo negócio para cada ciclo mensal, em vez de reutilizar o mesmo. Isso pode ser feito através de automação no RD Station Marketing, com tarefas recorrentes para o vendedor criar manualmente, ou utilizando um funil específico para renovação.","RD Station CRM, RD Station Marketing",https://rdconectacomunidade.rdstation.com/s/question/,2
Informação não encontrada nos comentários,Preenchimento de nome em emails caso o lead não tenha preenchido essa informação,"O lead não cadastrou o primeiro nome e o email fica com o campo vazio, e o usuário gostaria de uma solução similar ao HubSpot para contornar isso.","Criar uma segmentação listando todos os contatos sem nome, exportar, processar em uma planilha com um nome genérico e subir de volta para a RD Station.

",RD Station Marketing,https://rdconectacomunidade.rdstation.com/s/question/0D5V200002tLmz3KAC/como-coloca-um-texto-reserva-caso-n%C3%A3o-apare%C3%A7a-o-nome-da-pessoa,1
Educação,Crescimento do número de matrículas ,"Necessidade de crescimento e expansão em um cenário onde o setor educacional enfrenta grandes desafios. A empresa UCDB buscava expandir suas diversas modalidades de ensino (semipresencial, presencial e EAD).","Utilização do RD Marketing com foco em landing pages para captação de leads, segmentação de informações, aquecimento da base via fluxos automatizados e comunicação de novas condições. As campanhas de marketing reforçaram o posicionamento, identidade e valor da marca.
Os resultados comparado com 2025 x 2026, foram:
-Crescimento Geral: +42% (Avanço real em receita, ticket médio e volume).
-Semipresencial: Um salto disruptivo de +135%.
-Presencial: Expansão sólida de +32%.
-EAD: Performance resiliente, mantendo a consistência.",RD Station Marketing,https://rdconectacomunidade.rdstation.com/s/question/0D5V200002uU1dw,1
Informação não encontrada nos comentários,Campos personalizados para LPs multilíngues,Configurar campos padrão de Landing Pages (LPs) para múltiplos idiomas sem alterar o idioma da conta principal no RD Station.,"Criar campos personalizados no RD Station com um termo traduzido (ex: NOME TRADUZIDO EN) e o nome do campo em inglês (ex: Name), e então utilizar esses campos nas LPs para cada idioma.",RD Station Marketing,https://rdconectacomunidade.rdstation.com/s/question/0D5V200002baddR,1
Informação não encontrada nos comentários,Integração RD: Marketing e Conversas,"A falta de visibilidade na gestão, perda de histórico de negociação e experiência desconexa entre Marketing e Vendas devido ao uso de planilhas e WhatsApp pessoal para contato com leads.","Implementar a integração entre RD Station Marketing e RD Station Conversas para padronizar o atendimento, garantir o histórico do Marketing ao vendedor e eliminar o uso de planilhas. Adoção de regras de uso obrigatório do RD Conversas, acompanhamento de métricas e treinamento da equipe.","RD Station Marketing, RD Station Conversas",https://rdconectacomunidade.rdstation.com/s/question/0D5V200002ndOmG,2
Informação não encontrada nos comentários,Otimizando campanhas com UTMs no RD Station,"Acompanhar corretamente os resultados de campanhas independentemente do canal, garantindo que as UTMs estejam bem configuradas para evitar que leads convertidos apareçam como 'Desconhecido' no RD Station.","Configurar corretamente as UTMs seguindo o padrão e as diretrizes do Google Analytics 4, e utilizar a funcionalidade de Análise de Canais do RD Station Marketing para visualizar a atribuição. Adicionalmente, foi disponibilizada uma ferramenta para gerar UTMs e segmentar leads com base nos dados de conversão.",RD Station Marketing,https://rdconectacomunidade.rdstation.com/s/question/0D5V200002dVQdr,1
Informação não encontrada nos comentários,Otimizando Base de Contatos para Entregabilidade,"Manter a reputação do domínio e a entregabilidade de emails, evitando que a base de contatos se torne inativa e prejudique o desempenho das campanhas.","Implementar práticas de higienização e reindexação da base de contatos, utilizando funcionalidades do RD Station para campos bem preenchidos, tags com significado, segmentos por comportamento real e rotinas de quarentena e corte.",RD Station Marketing,https://rdconectacomunidade.rdstation.com/s/question/0D5V200002ly4ga,1
Informação não encontrada nos comentários,ABM: Foco em Contas Estratégicas,"Gerar lead de forma massiva sem focar nas contas certas, buscando fechar contratos maiores e parar de depender apenas de volume.","Implementação de estratégias de Account-Based Marketing (ABM) com o uso de ferramentas de IA para auxiliar na definição de ICP, criação de campanhas personalizadas no RD Marketing e acompanhamento de performance, complementando o inbound.","RD Station Marketing, RD Station CRM",https://rdconectacomunidade.rdstation.com/s/question/0D5V200002i4dJt,2
Informação não encontrada nos comentários,Integração RD APIs com IA,Necessidade de integrar produtos RD com a ferramenta Manus AI.,"Utilizar as APIs do RD Station Marketing, RD Station CRM e RD Station Conversas para integrar com o Manus AI, permitindo a conexão da AI com produtos RD para otimizar tarefas com inteligência artificial.","RD Station Marketing, RD Station CRM, RD Station Conversas",https://rdconectacomunidade.rdstation.com/s/question/0D5V200002vZ2Db,3
Essa informação não foi encontrada,RD Station Marketing e Integração Wix,"O time de marketing do usuário reclamava das limitações técnicas do RD Station Marketing para criar landing pages visualmente mais modernas e atraentes. Além disso, enfrentavam problemas com a integração de formulários entre o Wix e o RD Station, especialmente com formulários de fundo transparente e a falta de integração nativa para capturar leads do Wix.","O usuário buscou uma solução alternativa criando um site em Wix para servir como hub de landing pages, aproveitando a facilidade de criação visual do Wix. Para integrar os formulários do Wix com o RD Station, o usuário precisou criar uma automação no Wix que envia as informações dos formulários via HTTP Request (JSON) para o RD Station.",RD Station Marketing,https://rdconectacomunidade.rdstation.com/s/question/0D5V200002x3eoxKAA/como-integrar-uma-formul%C3%A1rio-do-wix-com-o-rd-station-marketing,1
Essa informação não foi encontrada,Extensão WhatsApp RD CRM: Facilita uso,"A equipe tinha resistência em preencher o CRM e atualizar as negociações, considerando a tarefa difícil e que roubava tempo.","Foi utilizada uma extensão de WhatsApp gratuita para o RD CRM, que permitiu criar mensagens personalizadas, acompanhar propostas e atualizar conversas com leads diretamente pela extensão, incentivando a equipe a manter as negociações atualizadas sem a necessidade de acessar o CRM constantemente.",RD Station CRM,https://rdconectacomunidade.rdstation.com/s/question/0D5V200002xpRft,1
Essa informação não foi encontrada,Nutrição de leads inteligente com RD Station,"Melhorar a nutrição de leads, aumentando as taxas de abertura e clique, e reduzindo leads mortos, através de fluxos de automação mais inteligentes e personalizados.","Utilizar condições de espera e ramificações por comportamento real para criar fluxos de nutrição que se adaptam à interação do lead. Isso inclui reengajamento, envio de conteúdo avançado, quebra de inatividade e mudança para caminho de SQL quando o lead demonstra interesse em páginas de vendas. Combinar isso com lead scoring dinâmico e tags automáticas.",RD Station Marketing,https://rdconectacomunidade.rdstation.com/s/question/0D5V2000031My4v,1
Educação,Otimização de Captação com Landing Pages,"Otimizar a captação de leads para campanhas online e offline, direcionando tráfego para o site e oferecendo informações claras e acessíveis aos candidatos.","Utilização de landing pages do RD Marketing segmentadas por modalidade e porta de entrada, com informações detalhadas, dúvidas frequentes e integração com o CRM Educacional para envio de leads e fluxos automatizados de e-mail.","RD Station Marketing, RD Station CRM",https://rdconectacomunidade.rdstation.com/s/feed/0D5V200002uU1dwKAC,2
Educação,Otimização de Leads com Landing Pages RD,"Otimizar a captação de leads e o processo de inscrição de candidatos, melhorando a experiência do usuário e sanando dúvidas frequentes.","Utilização das landing pages do RD Marketing para campanhas online, estruturadas por modalidades e portas de entrada. As LPs fornecem informações detalhadas, contam com botão de WhatsApp para contato direto e depoimentos. A integração com o CRM Educacional automatiza o envio de leads e o uso de fluxos de e-mail segmentados para nutrição e conversão.",RD Station Marketing,https://rdconectacomunidade.rdstation.com/s/feed/0D5V200002uU1dwKAC,1
Essa informação não foi encontrada,Nutrição de Leads Inteligente com RD,"Otimizar a nutrição de leads, evitando fluxos lineares e genéricos, e melhorando as taxas de abertura e clique, além de reduzir leads mortos.","Implementar fluxos de nutrição com condições de espera e ramificações por comportamento real, combinando com lead scoring dinâmico e tags automáticas. Utilizar IA para personalização de e-mails e mensagens com base na lógica de árvore e ramificações.",RD Station Marketing,https://rdconectacomunidade.rdstation.com/s/question/0D5V2000031My4v,1
Essa informação não foi encontrada,Chatbot: Atendimento Eficiente e Foco no Essencial,"O desafio é otimizar o atendimento ao cliente, evitando que leads fiquem no vácuo e garantindo que o tempo da equipe seja dedicado a questões mais complexas, em vez de responder perguntas repetitivas.","Utilizar um chatbot para lidar com tarefas repetitivas e transferir conversas complexas para um atendente humano, otimizando o tempo da equipe e a experiência do lead.",RD Station Conversas,https://rdconectacomunidade.rdstation.com/s/question/0D5V2000031gRE1,1
Essa informação não foi encontrada,Otimizar Fluxo com WhatsApp e CRM,"Otimizar o fluxo de comunicação com leads após a resposta inicial do email, garantindo que não caiam no ""vácuo"" e que o follow-up seja rápido e profissional, além de avaliar a necessidade de criar novos fluxos ou comissões.","Implementar uma estratégia onde leads que respondem ao email são segmentados e recebem uma mensagem automática de WhatsApp 2-3 dias depois. Utilizar um chatbot (como o do Tallos) para triagem inicial, confirmando interesse e tentando agendar reuniões, transferindo para o vendedor apenas os leads qualificados. A sugestão é testar esse modelo simples antes de criar fluxos mais complexos ou comissões diferentes.","RD Station Marketing, RD Station CRM",https://rdconectacomunidade.rdstation.com/s/question/0D5V2000031hNmR,2
Essa informação não foi encontrada,Otimizar CRM com campos customizados,"O usuário busca otimizar o tratamento de leads no CRM, personalizando a abordagem com base em campos customizados como 'Nivel de Interesse' e 'Ultima Interacao Real', além de integrar melhor as informações do CRM com o marketing para qualificar leads de forma mais eficaz.","O usuário sugere a criação de campos customizados no CRM (Nivel de Interesse, Ultima Interacao Real, Motivo da Proxima Ligacao) para segmentar leads e criar listas dinâmicas e views personalizadas. Ele também menciona a estruturação do CRM com base em tipos de outbound e a integração com o marketing através de cadências de emails, LinkedIn e telefone.","RD Station CRM, RD Station Marketing",https://rdconectacomunidade.rdstation.com/s/question/0D5V2000032bQMy,2
Essa informação não foi encontrada,Baixa produtividade e perda de controle na gestão de leads,"Perda de produtividade devido à má gestão de leads gerados por email, que são gerenciados em planilhas e abordados via WhatsApp pessoal, resultando em falta de visibilidade, perda de histórico de negociação e experiência desconexa para o lead.","Implementação de um fluxo integrado entre RD Station Marketing e RD Station Conversas, com automação de passagem de bastão baseada em qualificação, fornecimento de contexto ao vendedor sobre o lead no RD Station Conversas e padronização do atendimento com respostas rápidas, templates e pipeline de conversas.","RD Station Marketing, RD Station Conversas",https://rdconectacomunidade.rdstation.com/s/question/0D5V200002ndOmG,2
Imobiliário,Aquecimento de leads imobiliários: Comportamento vs Calendário,"O feedback do time de vendas era negativo, pois os leads chegavam ""frios"" ou sem entender por que o corretor estava ligando, mesmo com automações rodando. O modelo linear de envio de e-mails não preparava o lead para uma compra de alto ticket como um imóvel.","Implementar um critério de passagem baseado no comportamento do lead, em vez de um modelo linear de e-mails. Utilizar sinais claros de intenção, como cliques em CTAs estratégicos, consumo recorrente de conteúdo e interação com temas específicos, para identificar o momento certo de envolver o comercial. Estruturar fluxos com conteúdos que ajudem o lead a avançar na maturidade, oferecendo materiais complementares, provas sociais e conteúdos mais aplicados.",RD Station Marketing e RD Station CRM,https://rdconectacomunidade.rdstation.com/s/question/0D5V200002bFQoS,1
Imobiliária,Otimização de Funil e Performance de Vendas,"Um coordenador comercial em uma imobiliária precisa identificar quais vendedores performam melhor, se o pipeline de vendas é saudável, e quais oportunidades existem para otimizar o funil e gerar mais vendas, pois os dados do RD CRM não ofereciam clareza sobre gargalos e o motivo dos altos índices de 'lost'.","Utilizar a IA (Rê) para insights de performance de vendedores, cruzar com o relatório de negociações concluídas, analisar o gráfico de 'Negociações criadas, vendidas e perdidas' em um período de 6 meses para identificar sazonalidade, e manter uma tela com o CRM Live para acompanhamento em tempo real pela gerência.",RD Station CRM,https://rdconectacomunidade.rdstation.com/s/question/0D5V200002b2EmZ,1
Essa informação não foi encontrada,Automatizar aprovação de leads com RD,"A diretora aprova leads manualmente em planilhas, gerando retrabalho para inserir informações na RD Station e configurar fluxos automáticos.","Criar Landing Pages com formulários no RD Station Marketing para capturar leads automaticamente, e utilizar segmentações com campos personalizados para aprovação de leads pela diretora, direcionando os aprovados para fluxos automáticos.",RD Station Marketing,https://rdconectacomunidade.rdstation.com/s/question/0D5V2000036D6tt,1
,,,,,,
,,,,,,
,,,,,,
,,,,,,
,,,,,,
,,,,,,
,,,,,,
,,,,,,
,,,,,,
,,,,,,
,,,,,,
,,,,,,
,,,,,,
,,,,,,
,,,,,,
,,,,,,
,,,,,,
,,,,,,
,,,,,,
,,,,,,
,,,,,,
,,,,,,
,,,,,,
,,,,,,
,,,,,,
,,,,,,
,,,,,,
,,,,,,
,,,,,,
,,,,,,
,,,,,,
,,,,,,
,,,,,,
,,,,,,
,,,,,,
,,,,,,
,,,,,,
,,,,,,
,,,,,,
,,,,,,
,,,,,,
,,,,,,
,,,,,,
,,,,,,
,,,,,,
,,,,,,
,,,,,,
,,,,,,
,,,,,,
,,,,,,
,,,,,,
,,,,,,
,,,,,,
,,,,,,
,,,,,,
,,,,,,
,,,,,,
,,,,,,
,,,,,,
,,,,,,
,,,,,,
,,,,,,
,,Coluna 1,,,,